Comparison,Mean Diff (days),Percent Reduction (%),t-statistic,p-value,Significant (Bonferroni),Cohen's d,Effect Size
Legacy vs. FIFO,5.568607438541473,26.24552022635794,54.217183186411944,7.593975787035602e-300,Yes,2.472720552567583,Very Large
FIFO vs. Rule-Based,4.437962801294583,28.359843897103577,50.304497655041,4.696167796645279e-276,Yes,2.2621246776878525,Very Large
Rule-Based vs. Partial,2.141680006276818,19.10373288983539,27.536068158658573,1.18696970388731e-124,Yes,1.218120481457649,Large
Partial vs. Orchestrator,2.8890818586039,31.856277080383155,41.84746397060486,6.599517104918842e-222,Yes,1.853722840146022,Very Large
