scenario,variation,legacy_mean,legacy_std,orch_mean,orch_std,absolute_reduction,percent_reduction,p_value,cohens_d,t_statistic
Best Case (Fast),-25,15.876099961429118,0.06876187274181524,6.253965171549238,0.170505812861227,9.62213478987988,60.60767325260482,0.0,74.01595353845869,1655.0470353145972
Baseline,0,21.167782293873316,0.068714432930075,6.253965171549238,0.170505812861227,14.913817122324078,70.45526505930027,0.0,114.73201431912968,2565.4858321305323
Worst Case (Slow),25,26.459458906999366,0.06869551217900995,6.253965171549238,0.170505812861227,20.205493735450126,76.36397178970705,0.0,155.44686900287465,3475.897659799327
Very Conservative,50,31.75113242341014,0.06867939508013288,6.253965171549238,0.170505812861227,25.4971672518609,80.30317442492796,0.0,196.16371286994212,4386.353966959409
