variation_percent,scenario,legacy_mean,legacy_std,orch_mean,orch_std,absolute_reduction,percent_reduction,p_value,cohens_d,t_statistic
-50,-50%,13.1669957075019,0.06715177492112001,6.248598860338256,0.17431733056636026,6.918396847163645,52.54347309631069,0.0,52.37611867959596,1171.1656176517306
-25,-25%,17.16943176295205,0.06891139062129059,6.249383357094446,0.16957848695505656,10.920048405857605,63.60168791037526,0.0,84.36854956880046,1886.5381199889837
-10,-10%,19.566442177265476,0.06881188171085109,6.265869846482121,0.17595341717548993,13.300572330783353,67.97644768673109,0.0,99.55970020552917,2226.22257479063
0,+0%,21.167782293873316,0.068714432930075,6.253965171549238,0.170505812861227,14.913817122324078,70.45526505930027,0.0,114.73201431912968,2565.4858321305323
10,+10%,22.76368971027025,0.06845763832957695,6.252125714093605,0.17068980388180702,16.511563996176644,72.53465587666639,0.0,126.97173413663103,2839.1742875053756
25,+25%,25.167182014329114,0.06825891079940667,6.254883640087288,0.16896663627043276,18.91229837424183,75.14666665292116,0.0,146.76800455090742,3281.832350978275
50,+50%,29.165936419889846,0.06794183689596255,6.251411869953572,0.17055468443231087,22.914524549936274,78.56605123197625,0.0,176.51382415716384,3946.9690978386293
