sigma_multiplier,scenario,legacy_mean,legacy_std,orch_mean,orch_std,absolute_reduction,percent_reduction,p_value,cohens_d,t_statistic
0.5,0.5× variance,21.167237277932845,0.03433091160516694,6.254870054574468,0.08527628860398585,14.912367223358377,70.45022941612102,0.0,229.412117310186,5129.810891677321
0.75,0.75× variance,21.167512758297615,0.051518516361974284,6.2552589032972135,0.12783916289852415,14.912253855000401,70.44877697855566,0.0,153.00853981940642,3421.3749617417607
1.0,1.0× variance,21.167782293873316,0.068714432930075,6.253965171549238,0.170505812861227,14.913817122324078,70.45526505930027,0.0,114.73201431912968,2565.4858321305323
1.5,1.5× variance,21.168305522281297,0.1031761504552499,6.2531532090633135,0.25555273543212,14.915152313217984,70.45983107867855,0.0,76.53702914352743,1711.4199996080986
2.0,2.0× variance,21.16881110542856,0.13767075570301207,6.253824445402604,0.3411826279966211,14.914986660025956,70.45736572424295,0.0,57.33166876110244,1281.9750861332623
