ai_delay_hours,scenario,legacy_mean,legacy_std,orch_mean,orch_std,absolute_reduction,percent_reduction,p_value,cohens_d,t_statistic
0.05,0.05h AI processing,21.167782293873316,0.068714432930075,6.251870865939339,0.170274408699745,14.915911427933978,70.46515889504002,0.0,114.88224275864486,2568.845042159629
0.1,0.1h AI processing,21.167782293873316,0.068714432930075,6.256374264998545,0.17040246801888634,14.91140802887477,70.44388411529839,0.0,114.77332399676438,2566.4095446037295
0.5,0.5h AI processing,21.167782293873316,0.068714432930075,6.288972083335823,0.17036980107455862,14.878810210537493,70.28988679104062,0.0,114.54130478241579,2561.2214372500343
1.0,1.0h AI processing,21.167782293873316,0.068714432930075,6.330294603647435,0.17042225568517697,14.837487690225881,70.09467257474752,0.0,114.19295222100195,2553.432037175459
5.0,5.0h AI processing,21.167782293873316,0.068714432930075,6.664028163504785,0.17034478163597394,14.503754130368531,68.51806168927965,0.0,111.66812094680633,2496.9750935672714
