Stage,Legacy_Mean_Days,Legacy_Std,Orchestrator_Mean_Days,Orchestrator_Std,Absolute_Difference_Days,Percent_Reduction,Cohens_D,T_Statistic,P_Value,Significant
1_Radiology_Report,0.16701982093704873,0.02059258497316247,0.16615372453982133,0.021437098166718002,0.0008660963972274005,0.5185590502781344,0.0412052410124464,0.9213771993309241,0.35696476538315025,No
2_PCP_Ack,2.0029505794071456,0.04160082639345565,0.08347274720652928,0.008675530437412574,1.9194778322006163,95.83251089344219,63.878104578894245,1428.3578411224807,0.0,Yes
3_Referral_Gen,3.000188257782862,0.03279497034007844,0.002071651844858818,0.00040932079487954296,2.998116605938003,99.93094927161704,129.2773528195931,2890.729488558343,0.0,Yes
4_PA_Prep,3.9996129641491196,0.021396368726389434,0.004177538385513703,0.00041104085355493484,3.9954354257636058,99.89555143402725,264.033429059268,5903.9669570889155,0.0,Yes
5_Payer_Review,4.9991783881243155,0.01653215996035129,4.9995785984570915,0.01634930439553327,-0.0004002103327760409,-0.008005522141933391,-0.024342233683618184,-0.5443088924075538,0.5862896661544812,No
6_Scheduling,6.998832283472824,0.025185093039807212,0.9985109111154233,0.16854723747961164,6.0003213723574005,85.73317846930942,49.793517659696064,1113.4169032591665,0.0,Yes
