Comparison,Mean Diff (days),Percent Reduction (%),t-statistic,p-value,Significant (α=0.0125),Cohen's d,Effect Size
Legacy → FIFO,5.710047922143284,26.912146328874055,55.662306722181874,2.010608255015582e-308,Yes,2.5457542420236803,Large
FIFO → Rule-Based,4.323008009470282,27.877216901384514,48.40166219473203,3.458178827144252e-264,Yes,2.1958169062736665,Large
Rule-Based → Partial,2.1342792385087925,19.082801670492426,27.834742786990706,1.095859152375672e-126,Yes,1.2209571916511406,Large
Partial → Orchestrator,2.820891004494868,31.169968647749652,40.798804217216144,5.885086170687695e-215,Yes,1.8278706242192986,Large
